age_min,age_max,time,energy,place,users_count,count,bucket,titles,ids
7,8,15 –º–∏–Ω,–•–æ—á—É –ø—Ä–æ—Å—Ç–æ —Å–ø–æ–∫–æ–π–Ω–æ –ø–æ–æ–±—â–∞—Ç—å—Å—è,–î–æ–º–∞,6,14,good_8_plus,"–ù–∞—É–∫–∞: –¢–∞–Ω—Ü—É—é—â–∞—è –±—É–º–∞–≥–∞, –ù–∞—É–∫–∞: –†–µ–∑–∏–Ω–æ–≤–æ–µ —è–π—Ü–æ, –°–ª–æ–º–∞–Ω–Ω—ã–π —Ç–µ–ª–µ—Ñ–æ–Ω, –í–æ–ª—à–µ–±–Ω—ã–π –º–µ—à–æ—á–µ–∫, –Ø –∑–Ω–∞—é 5‚Ä¶, –ß—Ç–æ –∏—Å—á–µ–∑–ª–æ?, –ó–∞—Ö–≤–∞—Ç —Ç–µ—Ä—Ä–∏—Ç–æ—Ä–∏–∏, –ü–∞–ª—å—á–∏–∫–æ–≤—ã–π —Ö—É–¥–æ–∂–Ω–∏–∫, –§–∞–Ω—Ç–∞—Å—Ç–∏—á–µ—Å–∫–∞—è –ø—è—Ç—ë—Ä–∫–∞, –°–∫–∞–∑–∫–∞ –Ω–∞–æ–±–æ—Ä–æ—Ç, –ë–µ—Å–∫–æ–Ω–µ—á–Ω–∞—è –∏—Å—Ç–æ—Ä–∏—è, –ú–Ω–µ –≤—Å—ë –ª—å–∑—è!, –†–∏—Å—É–Ω–æ–∫ –ø–æ –∫—Ä—É–≥—É, –ì–æ–≤–æ—Ä–∏–º –ø–æ-—Ä–∞–∑–Ω–æ–º—É (7-8 –ª–µ—Ç)","285, 289, 207, 208, 294, 218, 297, 224, 225, 226, 227, 228, 234, 267"
9,10,15 –º–∏–Ω,–•–æ—á—É –ø—Ä–æ—Å—Ç–æ —Å–ø–æ–∫–æ–π–Ω–æ –ø–æ–æ–±—â–∞—Ç—å—Å—è,–î–æ–º–∞,3,11,good_8_plus,"–ù–∞—É–∫–∞: –¢–∞–Ω—Ü—É—é—â–∞—è –±—É–º–∞–≥–∞, –ù–∞—É–∫–∞: –†–µ–∑–∏–Ω–æ–≤–æ–µ —è–π—Ü–æ, –°–ª–æ–º–∞–Ω–Ω—ã–π —Ç–µ–ª–µ—Ñ–æ–Ω, –Ø –∑–Ω–∞—é 5‚Ä¶, –ó–∞—Ö–≤–∞—Ç —Ç–µ—Ä—Ä–∏—Ç–æ—Ä–∏–∏, –§–∞–Ω—Ç–∞—Å—Ç–∏—á–µ—Å–∫–∞—è –ø—è—Ç—ë—Ä–∫–∞, –°–∫–∞–∑–∫–∞ –Ω–∞–æ–±–æ—Ä–æ—Ç, –ë–µ—Å–∫–æ–Ω–µ—á–Ω–∞—è –∏—Å—Ç–æ—Ä–∏—è, –ú–Ω–µ –≤—Å—ë –ª—å–∑—è!, –†–∏—Å—É–Ω–æ–∫ –ø–æ –∫—Ä—É–≥—É, –ì–æ–≤–æ—Ä–∏–º –ø–æ-—Ä–∞–∑–Ω–æ–º—É (9-10 –ª–µ—Ç)","285, 289, 207, 294, 297, 225, 226, 227, 228, 234, 268"
3,4,15 –º–∏–Ω,–ù–µ–º–Ω–æ–≥–æ –±–æ–¥—Ä—ã–π ‚Äî –≥–æ—Ç–æ–≤ –Ω–∞ –ª—ë–≥–∫—É—é –∞–∫—Ç–∏–≤–Ω–æ—Å—Ç—å,–î–æ–º–∞,4,14,good_8_plus,"–°–ø—Ä—è—á—å –∏ –Ω–∞–π–¥–∏ –∑–≤—É–∫, –£–¥–µ—Ä–∂–∏ —à–∞—Ä–∏–∫, –ö–∞—Ä–∞–≤–∞–π, –ö–ª–∞–¥–æ–∏—Å–∫–∞—Ç–µ–ª—å, –í–æ–ª—à–µ–±–Ω—ã–µ —Å–ª–µ–¥—ã, –°–º–µ—à–Ω—ã–µ —Å–∫–æ—Ä–æ–≥–æ–≤–æ—Ä–∫–∏, –ü—É–∑—ã—Ä–∏-–ø–æ–π–º–∞–π–∫–∏, –ò—Å—Ç–æ—Ä–∏—è –ø–æ –∫–∞—Ä—Ç–∏–Ω–∫–∞–º, –õ–æ–≤–∏–º —Å–≤–µ—Ç–æ-–∑–∞–π—á–∏–∫–æ–≤, –í–æ–∑–¥—É—à–Ω—ã–µ –≥–æ–Ω–∫–∏, –û—Ö–æ—Ç–∞ –Ω–∞ –∑–∞–ø–∞—Ö–∏, üé£ –î–æ–º–∞—à–Ω—è—è —Ä—ã–±–∞–ª–∫–∞, –†–∞–∑–ª–æ–∂–∏ –ø–æ –ø–∞—Ä–∞–º, –ñ–º—É—Ä–∫–∏","200, 197, 196, 172, 175, 176, 177, 178, 189, 190, 210, 211, 219, 281"
3,4,–ë–æ–ª–µ–µ —á–∞—Å–∞,–•–æ—á—É –ø—Ä–æ—Å—Ç–æ —Å–ø–æ–∫–æ–π–Ω–æ –ø–æ–æ–±—â–∞—Ç—å—Å—è,–î–æ–º–∞,1,0,critical_zero,,
3,4,15 –º–∏–Ω,–•–æ—á—É –ø—Ä–æ—Å—Ç–æ —Å–ø–æ–∫–æ–π–Ω–æ –ø–æ–æ–±—â–∞—Ç—å—Å—è,–î–æ–º–∞,6,7,ok_4_7,"–ú–∞–≥–∏—è —Å–∫–æ—Ç—á–∞, –û–∂–∏–≤—à–∏–µ –∏–≥—Ä—É—à–∫–∏, –°–ª–æ–º–∞–Ω–Ω—ã–π —Ç–µ–ª–µ—Ñ–æ–Ω, –í–æ–ª—à–µ–±–Ω—ã–π –º–µ—à–æ—á–µ–∫, –ß—Ç–æ –∏—Å—á–µ–∑–ª–æ?, –°–æ–±–µ—Ä–∏ —Å—Ç–æ–ª—å–∫–æ, –ü–∞–ª—å—á–∏–∫–æ–≤—ã–π —Ö—É–¥–æ–∂–Ω–∏–∫","186, 187, 207, 208, 218, 220, 224"
5,6,30 –º–∏–Ω,–ù–µ–º–Ω–æ–≥–æ –±–æ–¥—Ä—ã–π ‚Äî –≥–æ—Ç–æ–≤ –Ω–∞ –ª—ë–≥–∫—É—é –∞–∫—Ç–∏–≤–Ω–æ—Å—Ç—å,–ù–∞ —É–ª–∏—Ü–µ,1,8,good_8_plus,"–°–ª–µ–¥–æ–ø—ã—Ç—ã, –ù–∞—É–∫–∞: –¢–µ–ª–µ—Ñ–æ–Ω –∏–∑ —Å—Ç–∞–∫–∞–Ω—á–∏–∫–æ–≤, –°—Ç—Ä–∞–Ω–∞ —Ç–µ–Ω–µ–π, –ò–¥–µ–º –ø–æ —Ç–µ–Ω—è–º, –°–æ–±–∏—Ä–∞–µ–º —É–∑–æ—Ä—ã, –ú–µ–Ω—è–µ–º—Å—è —Ä–æ–ª—è–º–∏ (5‚Äì6 –ª–µ—Ç), –ß—Ç–æ –±—É–¥–µ—Ç –µ—Å–ª–∏..., –ù–∞—É–∫–∞: –ü–∞—Ä–∞—à—é—Ç –∏–∑ –ø–∞–∫–µ—Ç–∞","195, 290, 215, 216, 217, 271, 274, 293"
9,10,30 –º–∏–Ω,–•–æ—á—É –ø—Ä–æ—Å—Ç–æ —Å–ø–æ–∫–æ–π–Ω–æ –ø–æ–æ–±—â–∞—Ç—å—Å—è,–î–æ–º–∞,1,6,ok_4_7,"–ò—Å—Ç–æ—Ä–∏–∏ –Ω–∞—à–µ–≥–æ —Ä–æ–¥–∞, –ù–∞—É–∫–∞: –ù–µ–≤–∏–¥–∏–º—ã–µ —á–µ—Ä–Ω–∏–ª–∞, –°–µ–º–µ–π–Ω–æ–µ –†–∞–¥–∏–æ, –°—á–∏—Ç–∞–π –∏ —Å–∞–∂–∞–π –º–æ—Ä–∫–æ–≤–∫–∏, –¢–µ–∞—Ç—Ä –ø—Ä–µ–¥–º–µ—Ç–æ–≤ (9‚Äì10 –ª–µ—Ç), –ü–∏—Å—å–º–æ —Å–µ–±–µ –∏–∑ –±—É–¥—É—â–µ–≥–æ (9-10 –ª–µ—Ç)","253, 288, 229, 298, 277, 304"
3,4,1 —á–∞—Å,–•–æ—á—É –ø—Ä–æ—Å—Ç–æ —Å–ø–æ–∫–æ–π–Ω–æ –ø–æ–æ–±—â–∞—Ç—å—Å—è,–î–æ–º–∞,1,0,critical_zero,,
3,4,30 –º–∏–Ω,–•–æ—á—É –ø—Ä–æ—Å—Ç–æ —Å–ø–æ–∫–æ–π–Ω–æ –ø–æ–æ–±—â–∞—Ç—å—Å—è,–î–æ–º–∞,2,3,low_1_3,"–°–æ—Ä—Ç–∏—Ä–æ–≤—â–∏–∫ —Å–æ–∫—Ä–æ–≤–∏—â, –ü–ª–∞—Å—Ç–∏–ª–∏–Ω–æ–≤—ã–µ —Ñ–∏–≥—É—Ä–∫–∏, –ê—Ä–æ–º–∞—Ç–Ω—ã–π –∞–º—É–ª–µ—Ç","179, 193, 194"
9,10,30 –º–∏–Ω,–ù–µ–º–Ω–æ–≥–æ –±–æ–¥—Ä—ã–π ‚Äî –≥–æ—Ç–æ–≤ –Ω–∞ –ª—ë–≥–∫—É—é –∞–∫—Ç–∏–≤–Ω–æ—Å—Ç—å,–î–æ–º–∞,1,10,good_8_plus,"–ù–∞—É–∫–∞: –õ–∞–≤–∞-–ª–∞–º–ø–∞, –ù–∞—É–∫–∞: –î–æ–º–∞—à–Ω–∏–π –≤—É–ª–∫–∞–Ω, –ù–∞—É–∫–∞: –†–∞–¥—É–≥–∞ –≤ —Å—Ç–∞–∫–∞–Ω–µ, –ù–∞—É–∫–∞: –¢–µ–ª–µ—Ñ–æ–Ω –∏–∑ —Å—Ç–∞–∫–∞–Ω—á–∏–∫–æ–≤, –ù–∞—É–∫–∞: –ú—É–∑—ã–∫–∞–ª—å–Ω—ã–µ —Å—Ç–∞–∫–∞–Ω—á–∏–∫–∏, –ú–µ–Ω—è–µ–º—Å—è —Ä–æ–ª—è–º–∏ (9‚Äì10 –ª–µ—Ç), –ß—Ç–æ –±—É–¥–µ—Ç –µ—Å–ª–∏..., –ö—Ä–µ—Å—Ç–∏–∫–∏-–Ω–æ–ª–∏–∫–∏ –¥–ª—è –≤–∑—Ä–æ—Å–ª—ã—Ö, –ì–∞–ª–∞–∫—Ç–∏—á–µ—Å–∫–∏–µ –∫—Ä–µ—Å—Ç–∏–∫–∏-–Ω–æ–ª–∏–∫–∏, –ù–∞—É–∫–∞: –ü–∞—Ä–∞—à—é—Ç –∏–∑ –ø–∞–∫–µ—Ç–∞","284, 283, 286, 290, 291, 273, 274, 299, 302, 293"
7,8,30 –º–∏–Ω,–ù–µ–º–Ω–æ–≥–æ –±–æ–¥—Ä—ã–π ‚Äî –≥–æ—Ç–æ–≤ –Ω–∞ –ª—ë–≥–∫—É—é –∞–∫—Ç–∏–≤–Ω–æ—Å—Ç—å,–î–æ–º–∞,1,16,good_8_plus,"–ù–∞—É–∫–∞: –õ–∞–≤–∞-–ª–∞–º–ø–∞, –ò–≥—Ä–∞–µ–º –≤ –¥–æ–∫—Ç–æ—Ä–æ–≤, –ù–∞—É–∫–∞: –î–æ–º–∞—à–Ω–∏–π –≤—É–ª–∫–∞–Ω, –ù–∞—É–∫–∞: –†–∞–¥—É–≥–∞ –≤ —Å—Ç–∞–∫–∞–Ω–µ, –ù–∞—É–∫–∞: –¢–µ–ª–µ—Ñ–æ–Ω –∏–∑ —Å—Ç–∞–∫–∞–Ω—á–∏–∫–æ–≤, –ù–∞—É–∫–∞: –ú—É–∑—ã–∫–∞–ª—å–Ω—ã–µ —Å—Ç–∞–∫–∞–Ω—á–∏–∫–∏, –ì–∞–ª–µ—Ä–µ—è –∫–ª—è–∫—Å, –í–µ—Å—ë–ª—ã–π –ø–æ–µ–∑–¥, –ö—Ä–æ–∫–æ–¥–∏–ª: –¢–µ–∞—Ç—Ä —ç–º–æ—Ü–∏–π (7‚Äì8 –ª–µ—Ç), –ú–µ–Ω—è–µ–º—Å—è —Ä–æ–ª—è–º–∏ (7-8 –ª–µ—Ç), –ß—Ç–æ –±—É–¥–µ—Ç –µ—Å–ª–∏..., –ö—Ä–µ—Å—Ç–∏–∫–∏-–Ω–æ–ª–∏–∫–∏ –¥–ª—è –≤–∑—Ä–æ—Å–ª—ã—Ö, –¢–∞–∫—Ç–∏—á–µ—Å–∫–∏–µ –∫—Ä–µ—Å—Ç–∏–∫–∏-–Ω–æ–ª–∏–∫–∏, –õ–æ–≤–∫–∏–µ —à–Ω—É—Ä–∫–∏, –°–µ–º–µ–π–Ω—ã–π –∞—Ä—Ç-–∫–æ–¥, –ù–∞—É–∫–∞: –ü–∞—Ä–∞—à—é—Ç –∏–∑ –ø–∞–∫–µ—Ç–∞","284, 198, 283, 286, 290, 291, 182, 188, 264, 272, 274, 299, 301, 318, 321, 293"
3,4,15 –º–∏–Ω,–•–æ—á—É –ø—Ä–æ—Å—Ç–æ —Å–ø–æ–∫–æ–π–Ω–æ –ø–æ–æ–±—â–∞—Ç—å—Å—è,–ù–∞ —É–ª–∏—Ü–µ,1,3,low_1_3,"–û—â—É—Ç–∏ –ø—Ä–∏—Ä–æ–¥—É, –ß—Ç–æ –∏—Å—á–µ–∑–ª–æ?, –°–æ–±–µ—Ä–∏ —Å—Ç–æ–ª—å–∫–æ","209, 218, 220"
3,4,30 –º–∏–Ω,–ù–µ–º–Ω–æ–≥–æ –±–æ–¥—Ä—ã–π ‚Äî –≥–æ—Ç–æ–≤ –Ω–∞ –ª—ë–≥–∫—É—é –∞–∫—Ç–∏–≤–Ω–æ—Å—Ç—å,–î–æ–º–∞,4,6,ok_4_7,"–ò–≥—Ä–∞–µ–º –≤ –¥–æ–∫—Ç–æ—Ä–æ–≤, –ö–∞—Ä—Ç–∏–Ω–∫–∞ –∏–∑ –∫—Ä—É–ø—ã, –û—Ö–æ—Ç–∞ –Ω–∞ —Ç–µ–Ω–∏, –ì–∞–ª–µ—Ä–µ—è –∫–ª—è–∫—Å, –í–µ—Å—ë–ª—ã–π –ø–æ–µ–∑–¥, –î–æ–º–∞—à–Ω—è—è –ø–µ—Å–æ—á–Ω–∏—Ü–∞","198, 174, 180, 182, 188, 223"
7,8,30 –º–∏–Ω,–•–æ—á—É –ø—Ä–æ—Å—Ç–æ —Å–ø–æ–∫–æ–π–Ω–æ –ø–æ–æ–±—â–∞—Ç—å—Å—è,–î–æ–º–∞,3,8,good_8_plus,"–°–µ–º–µ–π–Ω–æ–µ –∏–Ω—Ç–µ—Ä–≤—å—é, –ù–∞—É–∫–∞: –ù–µ–≤–∏–¥–∏–º—ã–µ —á–µ—Ä–Ω–∏–ª–∞, –ü–∏—Å—å–º–æ —Å–µ–±–µ –∏–∑ –±—É–¥—É—â–µ–≥–æ (7-8 –ª–µ—Ç), –ê—Ä–æ–º–∞—Ç–Ω—ã–π –∞–º—É–ª–µ—Ç, –°–µ–º–µ–π–Ω–æ–µ –†–∞–¥–∏–æ, –°—á–∏—Ç–∞–π –∏ —Å–∞–∂–∞–π –º–æ—Ä–∫–æ–≤–∫–∏, –¢–µ–∞—Ç—Ä –ø—Ä–µ–¥–º–µ—Ç–æ–≤ (7‚Äì8 –ª–µ—Ç), –î–æ–±—Ä—ã–µ –∫—Ä–µ—Å—Ç–∏–∫–∏-–Ω–æ–ª–∏–∫–∏","252, 288, 303, 194, 229, 298, 276, 300"
5,6,30 –º–∏–Ω,–•–æ—á—É –ø—Ä–æ—Å—Ç–æ —Å–ø–æ–∫–æ–π–Ω–æ –ø–æ–æ–±—â–∞—Ç—å—Å—è,–î–æ–º–∞,1,7,ok_4_7,"–ù–∞—É–∫–∞: –ù–µ–≤–∏–¥–∏–º—ã–µ —á–µ—Ä–Ω–∏–ª–∞, –°–æ—Ä—Ç–∏—Ä–æ–≤—â–∏–∫ —Å–æ–∫—Ä–æ–≤–∏—â, –ê—Ä–æ–º–∞—Ç–Ω—ã–π –∞–º—É–ª–µ—Ç, –°–µ–º–µ–π–Ω–æ–µ –†–∞–¥–∏–æ, –°—á–∏—Ç–∞–π –∏ —Å–∞–∂–∞–π –º–æ—Ä–∫–æ–≤–∫–∏, –¢–µ–∞—Ç—Ä –ø—Ä–µ–¥–º–µ—Ç–æ–≤ (5‚Äì6 –ª–µ—Ç), –î–æ–±—Ä—ã–µ –∫—Ä–µ—Å—Ç–∏–∫–∏-–Ω–æ–ª–∏–∫–∏","288, 179, 194, 229, 298, 275, 300"
7,8,15 –º–∏–Ω,–ù–µ–º–Ω–æ–≥–æ –±–æ–¥—Ä—ã–π ‚Äî –≥–æ—Ç–æ–≤ –Ω–∞ –ª—ë–≥–∫—É—é –∞–∫—Ç–∏–≤–Ω–æ—Å—Ç—å,–î–æ–º–∞,2,12,good_8_plus,"–£–¥–µ—Ä–∂–∏ —à–∞—Ä–∏–∫, –ö–∞—Ä–∞–≤–∞–π, –ñ–º—É—Ä–∫–∏ –ü–†–û, –ù–∞—É–∫–∞: –®–∞—Ä–∏–∫, –∫–æ—Ç–æ—Ä—ã–π —Å–∞–º –Ω–∞–¥—É–≤–∞–µ—Ç—Å—è, –ù–∞—É–∫–∞: –†–µ–∞–∫—Ç–∏–≤–Ω—ã–π —à–∞—Ä–∏–∫, –°–º–µ—à–Ω—ã–µ —Å–∫–æ—Ä–æ–≥–æ–≤–æ—Ä–∫–∏, –ò—Å—Ç–æ—Ä–∏—è –ø–æ –∫–∞—Ä—Ç–∏–Ω–∫–∞–º, –°—ä–µ–¥–æ–±–Ω–æ–µ‚Äì–Ω–µ—Å—ä–µ–¥–æ–±–Ω–æ–µ, –¢–∞–Ω–µ—Ü –æ—Ç—Ä–∞–∂–µ–Ω–∏–π (7-8 –ª–µ—Ç), –≠—Ö–æ —ç–º–æ—Ü–∏–π (7-8 –ª–µ—Ç), –°—Ç–∞—Ç—É—è –∏ –°–∫—É–ª—å–ø—Ç–æ—Ä (7-8 –ª–µ—Ç), –ü–µ—Ä–µ–¥–∞–π —ç–Ω–µ—Ä–≥–∏—é (7‚Äì10 –ª–µ—Ç)","197, 196, 282, 287, 292, 176, 178, 233, 255, 258, 261, 270"
7,8,1 —á–∞—Å,–ù–µ–º–Ω–æ–≥–æ –±–æ–¥—Ä—ã–π ‚Äî –≥–æ—Ç–æ–≤ –Ω–∞ –ª—ë–≥–∫—É—é –∞–∫—Ç–∏–≤–Ω–æ—Å—Ç—å,–ù–∞ —É–ª–∏—Ü–µ,1,2,low_1_3,"–°–Ω–∏–º–∞–µ–º –∫–∏–Ω–æ—à–µ–¥–µ–≤—Ä, –°–∫–∞–∑–∫–∞ –ø–æ –¥–æ—Ä–æ–≥–µ","248, 214"
